Order_ID,Supplier,SKU,Product_Type,Ordered_Quantity,Unit_Cost,Order_Date,Supplier_Lead_Time_Days,Manufacturing_Lead_Time_Days,Inspection_Result,Defect_Rate,Location,Revenue,Total_Cost,Avg_Lead_Time
1001,S2,SKU-1,Skincare,76,371.63,01/01/2025,17,12,pending,2.46,Kolkata,3690.62,28243.88,29
1002,s5,SKU-2,Cosmetics,16,211.81,02-Jan-2025,16,19,Pass,1.12,Bangalore,1898.24,3388.96,35
1003,S4 ,SKU-3,Haircare,90,123.43,2025-01-03,18,17,Fail,5.28,Kolkata,3369.52,11108.7,35
1004, S3,SKU-4,Haircare,90,17.64,01/04/2025,16,12,pass,4.49,Kolkatta,2384.59,1587.6,28
1005,S1,SKU-5,Skincare,48,351.45,05/01/2025,12,9,PASS,1.79,Bangalore,3427.35,16869.6,21
1006,S1,SKU-6,Haircare,85,349.36,06/01/2025,12,17,Fail,3.44,Chennai,1191.58,29695.6,29
1007,S1,SKU-7,Cosmetics,39,97.03,"January 07, 2025",24,19,Failed,5.41,Chennai,1229.93,3784.17,43
1008,s5,SKU-8,Skincare,33,264.62,08/01/2025,17,8,Pass,4.92,kolkata,1289.48,8732.46,25
1009,S4,SKU-9,Cosmetics,94,29.77,09-Jan-2025,14,16,N/A,3.5,Bangalore,5669.01,2798.38,30
1010,s4,SKU-10,Cosmetics,23,64.16,"January 10, 2025",13,17,Pending,5.02,CHENNAI,4530.94,1475.68,30
1011, S1,SKU-11,Haircare,10,83.33,11/01/2025,17,6,Fail,5.45,BANGALORE,1393.1,833.3,23
1012,S5,SKU-12,Haircare,69,112.75,12/01/2025,24,15,Fail,4.22,bangalore,1535.92,7779.75,39
1013,s5,SKU-13,Haircare,34,378.42,13/01/2025,15,19,N/A,0.82,Banglore,4519.56,12866.28,34
1014, S1,SKU-14,Haircare,52,265.2,2025-01-14,11,7,Pending,2.51,Mumbai,1358.9,13790.4,18
1015,S1,SKU-15,Haircare,95,146.74,2025-01-15,13,7,fail,4.69,Bangalore,1790.09,13940.3,20
1016,S1,SKU-16,Skincare,10,280.41,16/01/2025,21,8,Pending,1.65,Mumbai,5798.41,2804.1,29
1017, S2,SKU-17,Cosmetics,19,347.9,17/01/2025,20,8,PENDING,4.65,Kolkatta,1904.19,6610.1,28
1018,S3,SKU-18,Cosmetics,58,364.36,01/18/2025,13,14,Pending,1.1,Chennai,4138.98,21132.88,27
1019,S2,SKU-19,Cosmetics,96,23.12,19/01/2025,24,15,Pass,0.73,Chennai,5882.47,2219.52,39
1020,s2,SKU-20,Cosmetics,1,150.64,20-Jan-2025,15,15,PASS,2.42,Chennai ,2558.63,150.64,30
1021,S4,SKU-21,Haircare,69,41.64,2025-01-21,15,9,Pass,0.68,chennai,596.34,2873.16,24
1022,S1,SKU-22,Cosmetics,4,128.35,2025-01-22,10,8,pass ,5.29,chennai,1842.81,513.4,18
1023,S2 ,SKU-23,Skincare,16,65.47,23/01/2025,23,15,Fail,4.63,Chennai,5069.82,1047.52,38
1024, S2,SKU-24,Skincare,24,246.23,2025-01-24,17,18,Fail,4.5,chennai,5255.35,5909.52,35
1025,S3,SKU-25,Cosmetics,80,148.28,25-Jan-2025,15,14,pending,3.65,Kolkata,4726.86,11862.4,29
1026,S4 ,SKU-26,Cosmetics,2,88.09,"January 26, 2025",12,12,Passed,1.58,Bangalore,1122.1,176.18,24
1027,s1,SKU-27,Skincare,92,101.94,27-Jan-2025,23,10,PENDING,3.09,Delhi,4875.31,9378.48,33
1028,s3,SKU-28,Skincare,32,137.7,2025-01-28,18,10,fail ,3.49,mumbai,5552.73,4406.4,28
1029,S3,SKU-29,Haircare,91,99.67,"January 29, 2025",11,12,Fail,3.13,Delhi  ,3803.35,9069.97,23
1030,S1,SKU-30,Skincare,84,172.89,30/01/2025,24,11,Pending,1.8,Delhi,5674.81,14522.76,35
1031,S4,SKU-31,Haircare,24,13.44,2025-01-31,20,19,Fail,3.08,Bangalore,5047.61,322.56,39
1032,S1,SKU-32,Haircare,12,107.17,02/01/2025,17,14,Pass,2.96,Bangalore,4168.34,1286.04,31
1033,S1,SKU-33,Haircare,50,156.97,02/02/2025,19,18,Pending,5.48,bangalore,3674.52,7848.5,37
1034,S5,SKU-34,Haircare,35,229.53,03/02/2025,12,15,Pass,4.99,CHENNAI,2417.16,8033.55,27
1035,s5  ,SKU-35,Haircare,33,103.84,04/02/2025,22,16,Pass,2.82,Calcutta,1376.08,3426.72,38
1036,S5,SKU-36,Cosmetics,33,51.65,2025-02-05,21,14,N/A,3.61,Chennai,3827.25,1704.45,35
1037,S2,SKU-37,Skincare,61,30.06,06/02/2025,14,17,pass ,4.24,Kolkata,2249.61,1833.66,31
1038,S1,SKU-38,Haircare,51,357.47,2025-02-07,15,12,Failed,0.67,Kolkata,5265.41,18230.97,27
1039,S4,SKU-39,Skincare,43,159.02,08/02/2025,19,18,pass,4.97,New Delhi,5963.35,6837.86,37
1040,S2,SKU-40,Skincare,12,221.34,"February 09, 2025",15,6,Pending ,4.8,Delhi,4638.35,2656.08,21
1041,S1,SKU-41,Haircare,67,349.38,10/02/2025,13,13,Pass,2.79,Kolkata,997.65,23408.46,26
1042,s3,SKU-42,Cosmetics,65,32.55,2025-02-11,12,5,Pending,2.46,KOLKATA,2087.77,2115.75,17
1043, S1,SKU-43,Haircare,33,333.28,02/12/2025,13,19,FAIL,1.86,Chennai,1100.1,10998.24,32
1044,S5 ,SKU-44,Cosmetics,40,210.14,13-Feb-2025,10,12,Pass,2.88,CHENNAI,4077.81,8405.6,22
1045,s2,SKU-45,Skincare,74,63.64,14-Feb-2025,13,16,N/A,0.72,Delhi,4708.55,4709.36,29
1046, S4,SKU-46,Cosmetics,43,156.98,15/02/2025,10,15,Pending,4.76,Bangalore,5591.21,6750.14,25
1047,s2,SKU-47,Cosmetics,44,295.76,2025-02-16,21,16,FAIL,0.68, Kolkata,2909.95,13013.44,37
1048,S3 ,SKU-48,Cosmetics,29,183.16,17/02/2025,24,16,Pass,2.15,Chennai ,5457.57,5311.64,40
1049,S3,SKU-49,Skincare,13,374.43,2025-02-18,10,8,Fail,5.16,Delhi,5328.4,4867.59,18
1050,s1  ,SKU-50,Skincare,12,143.91,19-Feb-2025,19,8,Fail,4.18,Chennai,2244.58,1726.92,27
1051,s5  ,SKU-51,Cosmetics,95,285.14,2025-02-20,23,9,Fail,1.91,Kolkata,5278.95,27088.3,32
1052, S4,SKU-52,Cosmetics,46,150.06,"February 21, 2025",15,12,FAIL,1.76,Kolkata,2566.2,6902.76,27
1053,S5 ,SKU-53,Haircare,2,315.29,02/22/2025,14,9,Pass,0.53,Bombay,2132.78,630.58,23
1054,S5,SKU-54,Cosmetics,35,216.77,2025-02-23,23,12,pass ,3.98,Banglore,4069.91,7586.95,35
1055,S3,SKU-55,Haircare,87,25.26,"February 24, 2025",20,19,Fail,0.74,Mumbai,2306.1,2197.62,39
1056,S5,SKU-56,Cosmetics,81,15.15,25/02/2025,24,14,Fail,3.16,delhi,3966.15,1227.15,38
1057, S1,SKU-57,Haircare,90,51.9,26-Feb-2025,13,5,Passed,5.31,Chennai,3854.07,4671.0,18
1058,S1,SKU-58,Skincare,8,6.38,27/02/2025,22,16,Pending,1.05,Delhi,3598.91,51.04,38
1059, S1,SKU-59,Cosmetics,93,29.75,28/02/2025,20,19,Fail,4.97,Calcutta,2592.31,2766.75,39
1060,s2  ,SKU-60,Cosmetics,26,263.22,01/03/2025,12,14,Fail,5.46,Mumbai,3516.75,6843.72,26
1061,S2,SKU-61,Cosmetics,74,203.61,02/03/2025,10,13,Pending,0.81,Mumbai,3780.67,15067.14,23
1062,S2,SKU-62,Cosmetics,90,285.27,2025-03-03,15,10,Fail,4.91,Bombay,3501.28,25674.3,25
1063,S5,SKU-63,Haircare,34,347.11,2025-03-04,11,7,Pending ,3.08,Delhi,2944.31,11801.74,18
1064,S2,SKU-64,Cosmetics,7,222.85,03/05/2025,17,17,FAIL,5.03,Kolkata,580.67,1559.95,34
1065,S2,SKU-65,Skincare,68,276.25,06-Mar-2025,19,18,Pass,3.36,chennai,3728.84,18785.0,37
1066,S3,SKU-66,Skincare,58,287.98,2025-03-07,14,12,Pass,3.81,CHENNAI,1426.44,16702.84,26
1067, S1,SKU-67,Cosmetics,75,144.33,2025-03-08,16,13,Fail,3.22,Delhi,4034.17,10824.75,29
1068,s5,SKU-68,Skincare,29,92.52,09-Mar-2025,19,10,fail,4.82,MUMBAI,4676.39,2683.08,29
1069,S1 ,SKU-69,Cosmetics,36,78.87,"March 10, 2025",21,15,N/A,4.17,Bangalore,3252.45,2839.32,36
1070,S5 ,SKU-70,Cosmetics,89,96.45,11/03/2025,11,11,Pass,3.11,Delhi,3483.0,8584.05,22
1071, S4,SKU-71,Skincare,21,105.27,12-Mar-2025,22,5,Pass,4.84,New Delhi,5733.13,2210.67,27
1072,S1,SKU-72,Cosmetics,36,79.7,13/03/2025,17,18,Passed,1.73,Kolkata  ,5159.42,2869.2,35
1073,S1,SKU-73,Skincare,10,333.87,2025-03-14,11,9,Fail,1.29,Chennai,5528.3,3338.7,20
1074,S5 ,SKU-74,Haircare,73,287.95,15-Mar-2025,13,9,Pass,1.3,Delhi,4975.71,21020.35,22
1075,S4,SKU-75,Cosmetics,24,18.96,16-Mar-2025,10,14,Fail,2.17,New Delhi,1099.05,455.04,24
1076,s4  ,SKU-76,Haircare,64,102.97,03/17/2025,24,18,Fail,1.69,Mumbai,1319.46,6590.08,42
1077,S4,SKU-77,Skincare,99,9.6,03/18/2025,14,8,fail ,5.15,Mumbai,3396.43,950.4,22
1078,S1,SKU-78,Haircare,49,189.9,"March 19, 2025",18,10,Pending,1.03,Bangalore,1853.38,9305.1,28
1079,S2 ,SKU-79,Haircare,99,181.59,20/03/2025,10,11,N/A,3.99,Kolkata,3121.83,17977.41,21
1080, S1,SKU-80,Skincare,36,316.12,21/03/2025,18,13,Fail,1.45,Bengaluru,2669.01,11380.32,31
1081,S5,SKU-81,Haircare,82,117.79,22/03/2025,20,5,,4.91,MUMBAI,3521.78,9658.78,25
1082,S4 ,SKU-82,Haircare,96,310.45,23-Mar-2025,24,19,pass ,5.31,Chennai,4607.82,29803.2,43
1083,S2,SKU-83,Skincare,24,367.87,24/03/2025,17,10,Pending ,2.83,Mumbai,4435.2,8828.88,27
1084,S1,SKU-84,Haircare,23,34.69,"March 25, 2025",15,11,Pass,4.9,Kolkata,3366.79,797.87,26
1085,s2  ,SKU-85,Skincare,62,301.14,"March 26, 2025",16,7,Pass,0.53,Mumbai,5023.16,18670.68,23
1086, S2,SKU-86,Haircare,96,224.68,"March 27, 2025",12,12,Fail,4.6,KOLKATA,2869.74,21569.28,24
1087,S4,SKU-87,Skincare,37,183.04,2025-03-28,23,19,Pass,1.64,Kolkata,5431.93,6772.48,42
1088,S4,SKU-88,Skincare,12,160.5,29/03/2025,24,9,Pending,5.04, Kolkata,892.04,1926.0,33
1089,s5,SKU-89,Haircare,55,298.43,"March 30, 2025",10,19,Fail,0.51,Kolkata,5750.63,16413.65,29
1090,s3,SKU-90,Haircare,13,243.39,31/03/2025,14,13,Pending,3.28,Kolkata,4100.81,3164.07,27
1091,s1,SKU-91,Haircare,23,306.15,01/04/2025,23,9,Fail,4.28,Chennai,2590.41,7041.45,32
1092,S4,SKU-92,Cosmetics,89,343.31,02/04/2025,21,13,fail,1.79,Bangalore,1584.35,30554.59,34
1093,S4,SKU-93,Cosmetics,99,235.02,"April 03, 2025",21,14,Pending,1.47,Delhi,3135.51,23266.98,35
1094,S3,SKU-94,Cosmetics,30,372.6,04/04/2025,11,8,N/A,0.92,Bengaluru,1570.07,11178.0,19
1095,s4,SKU-95,Skincare,17,231.54,"April 05, 2025",23,13,Pending,2.13,Kolkata,1414.82,3936.18,36
1096,s3  ,SKU-96,Haircare,62,242.36,06-Apr-2025,14,9,pass ,3.3,Chennai,3895.43,15026.32,23
1097,S3,SKU-97,Skincare,84,211.36,04/07/2025,17,14,Fail,1.08,Mumbai,3376.97,17754.24,31
1098,S2,SKU-98,Cosmetics,89,35.67,2025-04-08,20,13,Pass,2.38,Chennai ,4185.53,3174.63,33
1099,S1,SKU-99,Haircare,86,276.36,"April 09, 2025",18,7,fail ,0.55,Kolkata,5612.83,23766.96,25
1100,S1,SKU-100,Skincare,13,208.57,2025-04-10,11,19,Pass,4.59,Chennai,3427.43,2711.41,30
1101,s1,SKU-101,Haircare,59,172.0,"April 11, 2025",21,8,pending,1.14,Chennai  ,3695.13,10148.0,29
1102,S4,SKU-102,Skincare,19,346.09,12/04/2025,12,13,Pending ,1.92,Kolkata,992.94,6575.71,25
1103,S2,SKU-103,Haircare,49,114.07,2025-04-13,12,14,Pending ,0.59,Chennai,4447.0,5589.43,26
1104,S3,SKU-104,Cosmetics,12,199.54,14-Apr-2025,10,15,Pass,2.66,delhi,2699.48,2394.48,25
1105,S5 ,SKU-105,Cosmetics,61,265.47,2025-04-15,17,10,fail,4.7,Delhi,5871.99,16193.67,27
1106,S1,SKU-106,Haircare,19,302.9,"April 16, 2025",15,6,N/A,2.46,chennai,5027.46,5755.1,21
1107,s2,SKU-107,Skincare,76,175.2,2025-04-17,21,11,Pass,1.4,Mumbai,3373.65,13315.2,32
1108,S4,SKU-108,Cosmetics,9,320.18,2025-04-18,22,6,pass,4.27,Kolkatta,1177.72,2881.62,28
1109,S1,SKU-109,Cosmetics,71,292.47,"April 19, 2025",17,15,Fail,4.44, Delhi,5226.79,20765.37,32
1110,S1,SKU-110,Cosmetics,28,26.29,"April 20, 2025",20,6,Fail,1.37,Mumbai,4898.8,736.12,26
1111,S2,SKU-111,Haircare,78,18.57,2025-04-21,18,15,FAIL,4.35,Chennai,1515.22,1448.46,33
1112,S1 ,SKU-112,Haircare,95,236.36,22-Apr-2025,14,5,N/A,5.24,Bombay,2124.03,22454.2,19
1113,S5,SKU-113,Skincare,52,132.8,23/04/2025,23,15,pass,1.33,bangalore,4863.74,6905.6,38
1114, S5,SKU-114,Skincare,83,80.42,04/24/2025,21,15,Pass,4.35,delhi,1518.76,6674.86,36
1115,S4,SKU-115,Skincare,16,220.77,25/04/2025,23,16,Pass,4.04,Chennai,5547.64,3532.32,39
1116,S5,SKU-116,Haircare,69,130.58,2025-04-26,12,15,Pending,2.87,Kolkatta,2834.9,9010.02,27
1117,S5 ,SKU-117,Haircare,99,204.72,27/04/2025,14,7,Pass,0.79,Chennai,978.71,20267.28,21
1118,S1,SKU-118,Skincare,12,175.49,04/28/2025,14,10,Pass,0.87,Kolkata,4986.62,2105.88,24
1119,S5,SKU-119,Skincare,25,222.71,04/29/2025,14,12,pass ,4.76, Chennai,2554.3,5567.75,26
1120, S3,SKU-120,Haircare,52,152.83,"April 30, 2025",12,13,Pending ,5.45,MUMBAI,3395.75,7947.16,25
1121,S5,SKU-121,Skincare,85,265.48,05/01/2025,20,11,pending,3.88,MUMBAI,1117.67,22565.8,31
1122,S5,SKU-122,Cosmetics,53,69.41,"May 02, 2025",23,8,Fail,2.73,Bombay,514.21,3678.73,31
1123,S2,SKU-123,Haircare,23,265.03,03/05/2025,19,10,Fail,3.74,Bangalore  ,4008.92,6095.69,29
1124,S1,SKU-124,Skincare,16,157.14,05/04/2025,23,9,Fail,3.47,Kolkata,3333.46,2514.24,32
1125,s1,SKU-125,Haircare,57,332.39,05/05/2025,13,12,pass ,2.42, Mumbai,3764.46,18946.23,25
1126,S2 ,SKU-126,Cosmetics,39,196.37,2025-05-06,18,5,Pending ,0.83,Bangalore,4865.59,7658.43,23
1127,s5,SKU-127,Haircare,53,369.81,05/07/2025,22,5,Fail,4.61,Kolkata,4056.33,19599.93,27
1128,S5,SKU-128,Haircare,42,229.21,08/05/2025,19,17,Fail,2.36, Chennai,1461.25,9626.82,36
1129,S1,SKU-129,Haircare,58,85.99,2025-05-09,18,19,Failed,4.59,Bangalore,2484.25,4987.42,37
1130,S3,SKU-130,Haircare,39,312.49,2025-05-10,11,15,FAIL,1.76,New Delhi,5482.4,12187.11,26
1131,S2 ,SKU-131,Cosmetics,14,131.92,"May 11, 2025",17,10,Fail,0.51,Bangalore  ,4734.7,1846.88,27
1132,s1,SKU-132,Haircare,95,132.88,12-May-2025,17,14,PENDING,1.29,Bangalore,3561.5,12623.6,31
1133,S1,SKU-133,Haircare,5,13.25,13-May-2025,16,16,Pending,2.84,Kolkata,1906.05,66.25,32
1134,S2,SKU-134,Skincare,35,209.05,2025-05-14,17,6,Fail,5.22,Chennai,2161.33,7316.75,23
1135,s5,SKU-135,Haircare,87,203.64,2025-05-15,23,9,Fail,1.01,Delhi,4525.77,17716.68,32
1136,S2,SKU-136,Skincare,93,136.05,16/05/2025,12,5,pass ,4.77,Mumbai,5181.46,12652.65,17
1137,s3,SKU-137,Cosmetics,75,339.93,2025-05-17,22,11,FAIL,3.14,MUMBAI,4192.84,25494.75,33
1138,S4,SKU-138,Cosmetics,18,49.97,18/05/2025,15,5,Pass,4.63,bangalore,4952.41,899.46,20
1139,S2,SKU-139,Cosmetics,76,126.24,2025-05-19,10,8,fail ,1.99,Kolkata,4716.61,9594.24,18
1140,s5,SKU-140,Cosmetics,9,123.02,20/05/2025,16,13,PENDING,4.7,Kolkata,1323.37,1107.18,29
1141,S5,SKU-141,Skincare,74,36.16,21/05/2025,24,5,fail ,4.36,MUMBAI,2831.7,2675.84,29
1142,S2,SKU-142,Haircare,58,183.46,2025-05-22,24,8,FAIL,1.65,Delhi,1341.41,10640.68,32
1143,S3 ,SKU-143,Cosmetics,17,261.73,23/05/2025,10,10,PASS,1.16,Chennai,1793.8,4449.41,20
1144,S2,SKU-144,Haircare,7,195.02,05/24/2025,18,10,Pass,4.84, Delhi,5280.93,1365.14,28
1145,S2,SKU-145,Skincare,46,60.66,2025-05-25,10,16,Fail,5.32,Chennai,3100.91,2790.36,26
1146, S1,SKU-146,Skincare,13,144.12,2025-05-26,10,19,Pass,0.66,Mumbai,3444.47,1873.56,29
1147,S4,SKU-147,Skincare,40,2.18,05/27/2025,24,17,Pass,4.16,Chennai ,1481.45,87.2,41
1148,S3,SKU-148,Cosmetics,42,330.11,28/05/2025,16,12,N/A,5.05,Kolkata,2217.49,13864.62,28
1149, S1,SKU-149,Haircare,9,33.22,05/29/2025,11,5,Fail,4.79,Bangalore,1766.35,298.98,16
1150,S2 ,SKU-150,Haircare,50,227.45,30/05/2025,23,11,Fail,5.32,Bangalore,1634.02,11372.5,34
1151,S5,SKU-151,Haircare,27,374.79,05/31/2025,14,5,Pass,4.3,Mumbai,4008.78,10119.33,19
1152,S1,SKU-152,Skincare,66,204.46,2025-06-01,17,17,Fail,2.71, Kolkata,1912.86,13494.36,34
1153,S1,SKU-153,Cosmetics,5,351.23,06/02/2025,17,18,Fail,2.06,Delhi,3976.09,1756.15,35
1154,S3,SKU-154,Skincare,29,90.64,03/06/2025,12,11,fail ,2.1,Calcutta,821.5,2628.56,23
1155,s5,SKU-155,Skincare,37,289.07,06/04/2025,16,7,Fail,4.12,bangalore,1279.76,10695.59,23
1156, S1,SKU-156,Haircare,38,202.44,"June 05, 2025",12,15,Pass,4.23,Bangalore,2009.97,7692.72,27
1157,S4 ,SKU-157,Skincare,83,274.13,06/06/2025,15,12,Fail,1.5,Kolkata  ,3783.76,22752.79,27
1158,S4,SKU-158,Haircare,8,24.81,07/06/2025,15,7,N/A,4.84,Kolkatta,4217.13,198.48,22
1159, S1,SKU-159,Cosmetics,65,57.16,06/08/2025,12,18,Pending,4.07,Bangalore,2934.94,3715.4,30
1160, S4,SKU-160,Haircare,86,51.62,2025-06-09,16,18,N/A,3.31,Delhi,2951.85,4439.32,34
1161,s2,SKU-161,Cosmetics,17,261.5,"June 10, 2025",12,17,Fail,2.86,Mumbai,4484.84,4445.5,29
1162,S4,SKU-162,Haircare,71,321.07,"June 11, 2025",17,5,Pass,3.22,Mumbai,587.02,22795.97,22
1163, S4,SKU-163,Skincare,89,285.15,12/06/2025,19,17,FAIL,1.3,Calcutta,2376.0,25378.35,36
1164,S3,SKU-164,Skincare,45,12.74,"June 13, 2025",13,17,pending,1.52,mumbai,5002.89,573.3,30
1165,S1,SKU-165,Cosmetics,4,329.7,06/14/2025,24,18,Fail,0.96,Bangalore,3817.71,1318.8,42
1166,s5,SKU-166,Cosmetics,36,135.35,15/06/2025,24,12,fail ,1.27,Bengaluru,2354.75,4872.6,36
1167, S2,SKU-167,Cosmetics,70,151.65,16/06/2025,22,7,Fail,2.77,kolkata,5480.39,10615.5,29
1168,S1,SKU-168,Haircare,31,40.92,"June 17, 2025",10,6,FAIL,3.15,Kolkatta,4749.43,1268.52,16
1169, S1,SKU-169,Haircare,19,280.53,"June 18, 2025",13,5,Failed,0.59,Kolkata,1956.92,5330.07,18
1170,s3,SKU-170,Cosmetics,61,70.25,2025-06-19,23,18,Pending,4.48,Delhi,4049.09,4285.25,41
1171,S4,SKU-171,Skincare,54,214.83,20/06/2025,16,7,fail,1.97,Mumbai,3776.63,11600.82,23
1172,S1,SKU-172,Haircare,39,319.66,21/06/2025,20,19,Fail,5.06,Kolkata,2706.53,12466.74,39
1173,S3,SKU-173,Haircare,91,34.99,22/06/2025,13,6,Pending,5.34,Chennai,2518.26,3184.09,19
1174,S1,SKU-174,Haircare,74,203.99,06/23/2025,22,6,Pass,1.43,Chennai,2389.58,15095.26,28
1175,S4,SKU-175,Cosmetics,90,89.54,2025-06-24,15,10,Pass,2.81, Bangalore,3894.36,8058.6,25
1176, S1,SKU-176,Cosmetics,19,131.1,25-Jun-2025,18,16,Pass,0.51, Mumbai,2933.25,2490.9,34
1177,s4,SKU-177,Cosmetics,39,180.74,26/06/2025,10,5,pending,3.49,kolkata,5075.25,7048.86,15
1178,S2,SKU-178,Cosmetics,67,135.71,2025-06-27,22,6,Pass,3.54,Chennai,4182.81,9092.57,28
1179,S5,SKU-179,Cosmetics,45,246.97,"June 28, 2025",14,18,Pass,1.74,Mumbai,884.62,11113.65,32
1180,S1,SKU-180,Skincare,13,182.87,29-Jun-2025,20,10,Pass,3.29,Bangalore,4020.93,2377.31,30
1181,S2,SKU-181,Skincare,92,222.49,"June 30, 2025",16,7,N/A,1.63,Delhi,1991.31,20469.08,23
1182,S1,SKU-182,Cosmetics,58,280.31,"July 01, 2025",10,19,Passed,1.3,Bombay,3760.47,16257.98,29
1183,S5,SKU-183,Haircare,20,212.47,02-Jul-2025,23,8,Fail,3.76,Mumbai,4240.73,4249.4,31
1184,s5,SKU-184,Cosmetics,92,223.38,03-Jul-2025,13,5,Fail,2.13,delhi,1769.56,20550.96,18
1185,S2,SKU-185,Skincare,72,215.02,"July 04, 2025",15,12,Pass,3.45,Mumbai,3012.72,15481.44,27
1186,S4 ,SKU-186,Skincare,61,144.68,05-Jul-2025,11,17,pass ,2.67,Bengaluru,1546.79,8825.48,28
1187,S5,SKU-187,Haircare,39,129.02,2025-07-06,19,11,Pass,5.42,Bangalore,787.86,5031.78,30
1188, S3,SKU-188,Skincare,1,341.99,07-Jul-2025,14,11,Pass,1.25,Delhi,2581.62,341.99,25
1189, S3,SKU-189,Cosmetics,3,231.34,2025-07-08,20,7,Fail,2.82,Kolkata,2496.19,694.02,27
1190,S1,SKU-190,Haircare,77,93.76,2025-07-09,19,14,fail ,3.9,Chennai,5975.14,7219.52,33
1191,S1,SKU-191,Cosmetics,92,189.94,10/07/2025,10,14,Pass,2.48,Kolkata,2954.94,17474.48,24
1192,S5 ,SKU-192,Cosmetics,62,126.34,11-Jul-2025,15,7,,5.37,Mumbai,2334.63,7833.08,22
1193, S5,SKU-193,Haircare,63,354.88,12-Jul-2025,15,18,Passed,4.11,Chennai,3692.61,22357.44,33
1194,S4,SKU-194,Cosmetics,25,4.05,07/13/2025,22,6,Pending,3.78,Delhi,988.22,101.25,28
1195,S2,SKU-195,Skincare,56,86.56,2025-07-14,24,16,,4.29,Delhi,5789.16,4847.36,40
1196,S2,SKU-196,Cosmetics,33,139.6,2025-07-15,24,5,Fail,5.26,Chennai,3992.28,4606.8,29
1197,S4,SKU-197,Haircare,38,185.98,07/16/2025,13,11,Pass,5.04,Bangalore,4651.61,7067.24,24
1198,s5,SKU-198,Haircare,6,323.49,2025-07-17,22,11,,4.12,Chennai,1437.63,1940.94,33
1199,S5,SKU-199,Haircare,58,34.49,18-Jul-2025,17,16,Pass,4.25,Mumbai,2752.13,2000.42,33
1200,S4,SKU-200,Cosmetics,44,306.46,2025-07-19,13,6,Pass,1.23,Bangalore,2824.79,13484.24,19
